Generation,ACG
0,1.6818181818181819
1,2.8
2,3.3870967741935485
3,3.7666666666666666
4,4.290322580645161
5,4.358974358974359
6,4.65
7,5.153846153846154
8,5.195652173913044
9,5.327586206896552
10,5.428571428571429
11,5.3
12,4.696969696969697
13,4.7101449275362315
14,4.685714285714286
15,5.111111111111111
16,4.972602739726027
17,4.868421052631579
18,5.0256410256410255
19,4.959595959595959
20,5.089285714285714
21,4.862745098039215
22,5.0
23,4.914529914529915
24,4.947712418300654
25,5.067415730337078
26,5.009389671361502
27,5.105263157894737
28,4.927710843373494
29,4.968652037617555
30,4.851282051282051
31,4.963218390804598
32,5.661800486618005
33,5.582191780821918
34,5.608796296296297
35,6.228346456692913
36,5.933333333333334
37,6.482014388489208
38,6.119592875318066
39,6.251677852348993
40,5.754820936639119
41,5.61520190023753
42,6.103641456582633
43,5.776902887139108
44,6.425974025974026
45,5.980769230769231
46,5.4574712643678165
47,5.859903381642512
48,6.462287104622871
49,7.599476439790576
50,7.359173126614987
51,8.71948051948052
52,8.240437158469945
53,7.181192660550459
54,7.992207792207792
55,7.687192118226601
56,7.473821989528796
57,7.925581395348837
58,8.38219895287958
59,9.501424501424502
60,8.42080378250591
61,8.552693208430913
62,9.373205741626794
63,9.25462962962963
64,9.020356234096692
65,9.689156626506024
66,10.088372093023256
67,9.17258883248731
68,10.722063037249283
69,8.727272727272727
70,10.64367816091954
71,11.190721649484535
72,12.09750566893424
73,11.447488584474886
74,11.992307692307692
75,11.229828850855746
76,11.461904761904762
77,11.628865979381443
78,10.179069767441861
79,10.75
80,9.465060240963856
81,11.48223350253807
82,9.809633027522937
83,9.737209302325581
84,11.347721822541967
85,10.745098039215685
86,10.45721271393643
87,10.02540415704388
88,10.778290993071593
89,10.130434782608695
90,9.801470588235293
91,9.296587926509186
92,9.732323232323232
93,11.460199004975124
94,10.801864801864802
95,12.90632318501171
96,11.348148148148148
97,11.88169014084507
98,10.585131894484412
99,11.587822014051522
100,10.510250569476081
101,12.504587155963304
102,13.387909319899244
103,11.874715261958997
104,10.837765957446809
105,10.514084507042254
106,11.706766917293233
107,11.621004566210045
108,11.529411764705882
109,13.9498861047836
110,11.170391061452515
111,9.56282722513089
112,10.17142857142857
113,12.485148514851485
114,10.363636363636363
115,10.362997658079625
116,10.291079812206572
117,10.590909090909092
118,9.487113402061855
119,11.07311320754717
120,10.457471264367816
121,12.1575
122,11.717703349282298
123,11.537209302325582
124,10.210648148148149
125,10.337468982630273
126,9.707838479809975
127,12.468513853904282
128,11.270833333333334
129,10.307339449541285
130,11.242666666666667
131,12.30188679245283
132,12.724770642201834
133,10.642857142857142
134,8.856269113149848
135,8.4
136,10.07816091954023
137,11.1125
138,12.604010025062657
139,10.820512820512821
140,11.922141119221411
141,11.32175925925926
142,10.21256038647343
143,10.83838383838384
144,9.700980392156863
145,9.650234741784038
146,10.921760391198044
147,10.89838337182448
148,9.575757575757576
149,10.82077922077922
150,10.93208430913349
151,9.692118226600986
152,10.36986301369863
153,11.587822014051522
154,13.155875299760192
155,14.154255319148936
156,13.352657004830919
157,11.0501138952164
158,12.044117647058824
159,12.378440366972477
160,13.202733485193622
161,13.768392370572206
162,12.43632075471698
163,12.506976744186046
164,11.815013404825738
165,14.146572104018913
166,12.85960591133005
167,12.729216152019003
168,13.722222222222221
169,14.07843137254902
170,13.120283018867925
171,14.336088154269973
172,12.844961240310077
173,13.1675
174,11.634146341463415
175,12.238770685579196
176,12.133949191685913
177,13.419437340153452
178,12.975669099756692
179,12.995305164319248
180,14.98936170212766
181,15.056689342403628
182,13.642857142857142
183,11.5
184,10.726851851851851
185,11.920595533498759
186,13.080808080808081
187,14.709905660377359
188,12.912698412698413
189,12.601415094339623
190,13.258064516129032
191,12.641203703703704
192,13.120481927710843
193,14.549295774647888
194,13.969543147208121
195,12.055555555555555
196,10.244292237442922
197,9.07906976744186
198,10.124711316397228
199,11.295348837209302
200,12.450839328537171
201,11.631067961165048
202,10.101149425287357
203,10.591687041564793
204,12.12962962962963
205,13.21515892420538
206,14.723653395784543
207,13.29683698296837
208,15.113253012048192
209,15.364285714285714
210,12.816489361702128
211,12.37995337995338
212,12.015945330296127
213,11.511574074074074
214,12.973821989528796
215,11.73943661971831
216,13.016548463356974
217,13.449648711943794
218,14.178082191780822
219,14.947608200455582
220,14.163170163170163
221,13.097949886104784
222,13.127226463104325
223,13.942408376963352
224,12.17016317016317
225,12.588972431077694
226,13.160550458715596
227,13.691919191919192
228,12.924433249370278
229,12.471464019851117
230,11.209567198177677
231,12.729665071770334
232,11.178313253012048
233,10.93483709273183
234,11.693121693121693
235,10.690997566909976
236,12.555555555555555
237,12.145496535796767
238,11.390022675736962
239,11.372093023255815
240,11.672413793103448
241,11.148148148148149
242,11.747619047619047
243,10.568075117370892
244,11.291666666666666
245,11.633093525179856
246,11.781094527363184
247,14.248792270531402
248,15.089238845144356
249,13.905511811023622
250,13.220095693779903
251,11.77136258660508
252,12.56641604010025
253,12.036951501154734
254,12.888111888111888
255,13.620689655172415
256,14.95662100456621
257,14.012919896640827
258,13.774869109947645
259,12.103926096997691
260,12.58041958041958
261,12.17674418604651
262,12.83254716981132
263,14.922077922077921
264,14.190123456790124
265,13.537209302325582
266,13.54861111111111
267,13.249433106575964
268,13.281179138321995
269,14.443661971830986
270,13.025188916876575
271,11.597619047619048
272,13.678004535147393
273,13.342364532019705
274,14.881944444444445
275,14.016908212560386
276,13.893719806763285
277,15.65962441314554
278,16.685792349726775
279,12.727699530516432
280,13.358778625954198
281,13.04245283018868
282,13.187066974595844
283,12.6270783847981
284,13.183098591549296
285,12.484018264840183
286,14.167553191489361
287,14.609977324263038
288,15.400516795865633
289,13.378313253012049
290,12.669767441860465
291,13.985849056603774
292,11.335731414868105
293,11.363218390804597
294,12.935866983372922
295,13.839080459770114
296,13.755707762557078
297,13.712984054669704
298,13.028708133971293
299,12.621428571428572
300,14.982758620689655
301,14.374429223744292
302,12.830275229357799
303,13.909774436090226
304,14.195250659630608
305,13.37712895377129
306,12.522565320665084
307,14.450402144772118
308,12.632558139534884
309,13.68384074941452
310,12.5
311,13.850917431192661
312,14.428223844282238
313,13.316546762589928
314,13.840646651270207
315,14.78310502283105
316,14.106235565819862
317,14.679245283018869
318,12.497685185185185
319,13.070904645476773
320,13.562642369020502
321,12.992700729927007
322,12.455580865603645
323,14.160949868073878
324,13.231678486997636
325,14.14975845410628
326,14.153664302600474
327,12.672018348623853
328,13.783599088838269
329,14.0
330,14.00925925925926
331,13.835616438356164
332,14.318944844124701
333,13.593350383631714
334,13.699074074074074
335,15.747641509433961
336,14.481132075471699
337,12.685779816513762
338,14.975903614457831
339,13.606598984771574
340,12.870748299319727
341,13.636986301369863
342,15.116279069767442
343,13.609302325581396
344,14.27122641509434
345,12.787878787878787
346,13.325740318906606
347,13.059101654846335
348,11.338129496402878
349,14.141552511415526
350,14.91095890410959
351,14.942786069651742
352,13.880281690140846
353,13.466200466200466
354,14.875598086124402
355,15.528350515463918
356,14.068807339449542
357,15.413301662707838
358,16.51
359,14.84367816091954
360,14.662100456621005
361,13.949771689497718
362,14.44496487119438
363,14.701970443349754
364,14.555555555555555
365,13.662131519274377
366,16.081534772182255
367,15.9575
368,15.035971223021583
369,14.484375
370,13.531468531468532
371,14.581560283687944
372,14.714628297362111
373,14.992700729927007
374,13.819444444444445
375,14.078384798099762
376,15.558974358974359
377,14.031746031746032
378,15.23234624145786
379,14.411627906976744
380,12.565819861431871
381,11.773809523809524
382,12.933940774487471
383,14.979057591623036
384,14.06845965770171
385,13.292740046838407
386,13.604368932038835
387,14.170263788968825
388,14.844907407407407
389,13.74129353233831
390,14.525114155251142
391,15.335664335664335
392,16.1375
393,14.80593607305936
394,13.455188679245284
395,12.061503416856493
396,15.626146788990825
397,15.153488372093022
398,15.936170212765957
399,15.58128078817734
400,14.0144578313253
401,13.834498834498834
402,15.05026455026455
403,13.516746411483254
404,12.80952380952381
405,13.560364464692483
406,15.491916859122401
407,14.815242494226329
408,13.786206896551723
409,12.570776255707763
410,14.554187192118226
411,16.285359801488834
412,14.597674418604651
413,16.5
414,14.788154897494305
415,15.637813211845103
416,14.876456876456876
417,13.0
418,13.278571428571428
419,13.052631578947368
420,14.485074626865671
421,13.51643192488263
422,12.291284403669724
423,13.680272108843537
424,14.662591687041564
425,13.1125
426,13.904761904761905
427,14.081585081585082
428,15.529126213592233
429,13.502293577981652
430,15.03211009174312
431,15.332506203473946
432,14.38812785388128
433,15.487528344671201
434,17.3121387283237
435,14.583333333333334
436,14.309302325581395
437,16.26096997690531
438,15.91183879093199
439,14.118451025056947
440,14.21256038647343
441,14.267469879518073
442,14.202702702702704
443,12.992874109263658
444,13.630952380952381
445,14.367441860465116
446,15.37192118226601
447,15.486702127659575
448,15.04611650485437
449,13.865248226950355
450,15.004566210045661
451,14.894366197183098
452,15.69406392694064
453,15.463700234192038
454,14.80593607305936
455,17.07075471698113
456,15.684931506849315
457,14.633333333333333
458,14.068493150684931
459,15.71566265060241
460,15.372262773722628
461,15.659722222222221
462,15.206976744186047
463,13.558086560364465
464,13.527906976744186
465,16.08101851851852
466,16.63917525773196
467,15.292270531400966
468,15.943589743589744
469,15.241217798594848
470,16.989501312335957
471,13.910344827586206
472,14.262295081967213
473,13.682038834951456
474,12.770392749244714
475,11.758186397984886
476,13.053030303030303
477,12.897674418604652
478,14.11358024691358
479,14.31578947368421
480,14.853881278538813
481,14.491954022988505
482,14.904328018223234
483,12.977064220183486
484,13.375854214123008
485,11.877551020408163
486,13.913348946135832
487,13.997668997668997
488,14.866050808314087
489,14.094252873563219
490,12.80188679245283
491,14.56904761904762
492,13.730120481927711
493,14.075342465753424
494,11.872437357630979
495,12.5
496,13.295612009237875
497,13.423167848699764
498,14.288095238095238
499,14.444444444444445
500,15.13076923076923
501,13.916267942583731
502,14.455635491606715
503,15.881796690307329
504,14.84862385321101
505,15.830275229357799
506,16.105515587529975
507,16.024271844660195
508,15.191489361702128
509,13.855421686746988
510,13.140589569160998
511,13.98356807511737
512,13.829157175398633
513,14.82394366197183
514,15.12200956937799
515,14.536130536130536
516,13.730478589420654
517,15.256880733944953
518,14.96124031007752
519,13.564039408866995
520,13.26378896882494
521,12.547785547785548
522,12.810185185185185
523,13.63718820861678
524,13.39277108433735
525,13.311926605504587
526,14.851318944844124
527,14.364532019704434
528,15.453237410071942
529,15.103044496487119
530,15.894088669950738
531,15.995412844036696
532,14.392670157068062
533,14.405466970387243
534,14.802030456852792
535,13.509389671361502
536,13.722084367245657
537,13.39041095890411
538,14.858156028368795
539,15.662790697674419
540,14.688073394495413
541,15.558086560364465
542,14.734299516908212
543,15.294906166219839
544,14.227790432801822
545,14.505827505827506
546,14.032745591939547
547,12.993197278911564
548,12.210526315789474
549,13.917241379310346
550,14.371980676328503
551,13.111904761904762
552,13.961995249406176
553,13.953703703703704
554,14.94484412470024
555,12.960739030023095
556,13.208333333333334
557,13.619266055045872
558,14.59338061465721
559,13.737089201877934
560,13.909930715935335
561,15.894366197183098
562,15.487179487179487
563,15.2225
564,14.279069767441861
565,12.908866995073891
566,13.456264775413711
567,13.67237163814181
568,13.609699769053117
569,15.325
570,13.464467005076141
571,13.30317848410758
572,13.626760563380282
573,14.424691358024692
574,13.006802721088436
575,13.781609195402298
576,13.028205128205128
577,12.990697674418605
578,12.972665148063781
579,12.484107579462103
580,12.032183908045978
581,13.137767220902612
582,14.020642201834862
583,14.012165450121655
584,12.35421686746988
585,13.915
586,13.493887530562347
587,14.070528967254408
588,13.20785219399538
589,14.346938775510203
590,14.467120181405896
591,15.746867167919799
592,15.338501291989663
593,13.924657534246576
594,15.065491183879093
595,14.848484848484848
596,15.077981651376147
597,15.78688524590164
598,16.692307692307693
599,16.09655172413793
600,14.560090702947846
601,16.04830917874396
602,15.803617571059432
603,14.789473684210526
604,14.878859857482185
605,15.017114914425427
606,15.396419437340153
607,14.145631067961165
608,13.004566210045661
609,17.143187066974598
610,15.467120181405896
611,16.358139534883723
612,15.122302158273381
613,13.31367924528302
614,13.774580335731414
615,14.375
616,12.483720930232558
617,14.567198177676538
618,14.81367924528302
619,15.14123006833713
620,13.743119266055047
621,13.341981132075471
622,14.016166281755197
623,14.306413301662708
624,15.176328502415458
625,16.045112781954888
626,14.70748299319728
627,14.69634703196347
628,13.800531914893616
629,13.696969696969697
630,13.842465753424657
631,16.02657004830918
632,15.450121654501217
633,13.924311926605505
634,13.26896551724138
635,14.819371727748692
636,13.471849865951743
637,13.629976580796253
638,14.669926650366747
639,13.511467889908257
640,13.419134396355354
641,13.555831265508685
642,13.214285714285714
643,13.282973621103118
644,15.301149425287356
645,15.151162790697674
646,17.571084337349397
647,15.85813953488372
648,12.9151376146789
649,14.05955334987593
650,13.519138755980862
651,14.891752577319588
652,15.262295081967213
653,15.328605200945626
654,13.876712328767123
655,14.423772609819121
656,13.0153452685422
657,12.337962962962964
658,12.976851851851851
659,13.681603773584905
660,14.004618937644342
661,13.41108545034642
662,12.848837209302326
663,14.894871794871795
664,15.07311320754717
665,14.720812182741117
666,14.707259953161593
667,13.888382687927107
668,14.737704918032787
669,15.580865603644646
670,16.7468671679198
671,15.429280397022332
672,14.465060240963856
673,14.22695035460993
674,15.1725768321513
675,16.74937343358396
676,14.914351851851851
677,15.356973995271868
678,14.131313131313131
679,13.537349397590361
680,11.468586387434556
681,11.947802197802197
682,11.829787234042554
683,13.353092783505154
684,12.602771362586605
685,13.29611650485437
686,13.296103896103896
687,12.599088838268793
688,13.300236406619385
689,14.945330296127562
690,14.331002331002331
691,13.876456876456876
692,13.314087759815243
693,13.428246013667426
694,14.95933014354067
695,14.30295566502463
696,13.3743961352657
697,12.65137614678899
698,14.277909738717339
699,15.085510688836104
700,14.809859154929578
701,15.529680365296803
702,15.01834862385321
703,16.03045685279188
704,15.056947608200456
705,15.318734793187348
706,15.1328125
707,14.67688679245283
708,14.776223776223777
709,15.471131639722863
710,16.413793103448278
711,14.89795918367347
712,13.664987405541561
713,12.372146118721462
714,13.10344827586207
715,13.711442786069652
716,14.11358024691358
717,14.272727272727273
718,15.769953051643192
719,14.194174757281553
720,15.162100456621005
721,15.82983682983683
722,15.07906976744186
723,14.702947845804989
724,14.28883495145631
725,13.764845605700712
726,15.023310023310023
727,14.192660550458715
728,13.118556701030927
729,12.141119221411191
730,12.630952380952381
731,14.19949494949495
732,13.995305164319248
733,14.827338129496402
734,13.94061757719715
735,16.291891891891893
736,15.044917257683215
737,15.284552845528456
738,14.378571428571428
739,12.728337236533958
740,15.192399049881235
741,14.40979381443299
742,12.508515815085158
743,12.563275434243176
744,13.448036951501155
745,15.992647058823529
746,15.507352941176471
747,15.42824074074074
748,14.684931506849315
749,13.803782505910165
750,13.886746987951808
751,14.360730593607306
752,14.387179487179488
753,12.826190476190476
754,12.893111638954869
755,15.172680412371134
756,14.970319634703197
757,13.900462962962964
758,16.557213930348258
759,15.6825
760,14.683602771362587
761,13.116550116550117
762,11.930555555555555
763,12.411347517730496
764,14.235565819861431
765,13.318396226415095
766,13.501199040767386
767,13.872685185185185
768,14.217703349282298
769,15.568493150684931
770,16.3960880195599
771,15.34074074074074
772,13.702770780856422
773,13.007228915662651
774,13.103211009174313
775,13.830275229357799
776,12.72108843537415
777,13.602015113350125
778,14.217687074829932
779,12.929095354523227
780,14.843434343434344
781,14.89051094890511
782,14.829787234042554
783,15.122931442080379
784,16.513953488372092
785,15.261072261072261
786,15.838337182448036
787,14.33095238095238
788,12.101851851851851
789,13.276119402985074
790,12.97228637413395
791,13.570438799076213
792,12.787735849056604
793,16.06759906759907
794,16.00722891566265
795,16.888111888111887
796,14.302540415704389
797,13.797169811320755
798,15.006928406466512
799,14.542528735632184
800,16.948529411764707
801,14.251141552511415
802,14.6075
803,13.076923076923077
804,11.762557077625571
805,12.357798165137615
806,13.035629453681711
807,13.645539906103286
808,13.36111111111111
809,14.398058252427184
810,12.64186046511628
811,13.451282051282051
812,13.244131455399062
813,15.533512064343164
814,14.845
815,13.730582524271844
816,14.08433734939759
817,14.05955334987593
818,14.389312977099237
819,12.362745098039216
820,13.878787878787879
821,14.542288557213931
822,14.161731207289295
823,16.094890510948904
824,15.47887323943662
825,16.434343434343436
826,14.808252427184467
827,14.648960739030024
828,14.797674418604652
829,14.451536643026005
830,14.539408866995075
831,13.458628841607565
832,14.727272727272727
833,14.262557077625571
834,14.335600907029479
835,15.427906976744186
836,17.16923076923077
837,15.195238095238095
838,14.314814814814815
839,14.282051282051283
840,14.407494145199063
841,15.961187214611872
842,16.55011655011655
843,17.312785388127853
844,15.481132075471699
845,13.704225352112676
846,14.674603174603174
847,13.5
848,12.44131455399061
849,14.430348258706468
850,14.011467889908257
851,13.993197278911564
852,16.04066985645933
853,16.893939393939394
854,14.751807228915663
855,16.119318181818183
856,13.214611872146119
857,11.832568807339449
858,12.378995433789955
859,13.74698795180723
860,15.267195767195767
861,12.854166666666666
862,15.506944444444445
863,15.723809523809523
864,14.126760563380282
865,15.158273381294965
866,14.608391608391608
867,15.179487179487179
868,12.904651162790698
869,14.170370370370371
870,13.550868486352357
871,12.542141230068337
872,14.093896713615024
873,12.831408775981524
874,14.128851540616246
875,11.655581947743467
876,12.226027397260275
877,13.083743842364532
878,13.471604938271605
879,14.373522458628841
880,13.454337899543379
881,15.448621553884712
882,13.552567237163814
883,12.994444444444444
884,11.672634271099744
885,11.569269521410579
886,11.21911421911422
887,12.36320754716981
888,13.729468599033817
889,13.173396674584323
890,13.819338422391857
891,14.777464788732395
892,13.24074074074074
893,15.169856459330143
894,14.352517985611511
895,15.408551068883611
896,15.997701149425287
897,13.494061757719715
898,12.472602739726028
899,12.549528301886792
900,14.636579572446555
901,13.225512528473804
902,14.660592255125284
903,15.314814814814815
904,15.497685185185185
905,16.405152224824356
906,16.393023255813954
907,16.004750593824227
908,13.727272727272727
909,13.149882903981265
910,15.098850574712644
911,15.357320099255583
912,14.208920187793428
913,14.21860465116279
914,13.898584905660377
915,13.28246013667426
916,14.163895486935868
917,16.04726368159204
918,14.545454545454545
919,14.719602977667494
920,15.261282660332542
921,14.779411764705882
922,13.795918367346939
923,14.337962962962964
924,15.613756613756614
925,14.68407960199005
926,12.795620437956204
927,13.272727272727273
928,13.985948477751757
929,14.68997668997669
930,14.735224586288416
931,14.441805225653207
932,15.4151376146789
933,14.702947845804989
934,15.194954128440367
935,15.593607305936073
936,16.008108108108107
937,14.254854368932039
938,15.783980582524272
939,15.852607709750567
940,15.947845804988662
941,16.519630484988454
942,16.5578231292517
943,18.002267573696145
944,16.761574074074073
945,15.997607655502392
946,15.65807962529274
947,15.16267942583732
948,14.756944444444445
949,15.0675
950,14.393285371702637
951,13.337264150943396
952,14.42688679245283
953,13.15962441314554
954,14.206976744186047
955,16.199494949494948
956,14.622377622377622
957,15.155251141552512
958,13.69682151589242
959,13.48729792147806
960,14.397333333333334
961,13.031890660592255
962,13.942857142857143
963,15.36919315403423
964,15.973544973544973
965,13.4151376146789
966,14.391203703703704
967,14.32638888888889
968,15.702576112412178
969,16.863741339491916
970,15.781609195402298
971,16.014251781472684
972,16.397260273972602
973,15.980392156862745
974,13.84688995215311
975,14.654911838790932
976,12.38812785388128
977,14.246851385390428
978,15.356132075471699
979,14.712962962962964
980,16.471830985915492
981,15.94954128440367
982,16.348729792147807
983,15.587822014051522
984,14.695550351288055
985,14.555813953488371
986,13.685779816513762
987,12.89749430523918
988,14.194954128440367
989,13.7995337995338
990,13.533957845433255
991,14.37906976744186
992,13.54567901234568
993,14.013856812933025
994,14.017156862745098
995,12.546697038724373
996,13.056650246305418
997,11.156462585034014
998,13.081927710843374
999,13.39568345323741
1000,14.16301703163017
1001,15.350119904076738
1002,17.015831134564642
1003,16.190697674418605
1004,14.876484560570072
1005,14.596199524940618
1006,13.5848623853211
1007,15.83084577114428
1008,16.48165137614679
1009,15.511002444987776
1010,14.0
1011,13.958997722095672
1012,14.393034825870647
1013,13.797202797202797
1014,14.832167832167832
1015,14.11264367816092
1016,14.308823529411764
1017,13.06766917293233
1018,13.409722222222221
1019,11.886574074074074
1020,12.94675925925926
1021,13.414578587699317
1022,12.761229314420804
1023,13.554272517321015
1024,13.607142857142858
1025,12.964539007092199
1026,14.44055944055944
1027,14.395287958115183
1028,15.445
1029,15.330882352941176
1030,15.28246013667426
1031,14.848484848484848
1032,14.244897959183673
1033,14.109557109557109
1034,14.071100917431192
1035,14.00709219858156
1036,14.314861460957179
1037,13.35377358490566
1038,13.28974358974359
1039,12.160550458715596
1040,11.536529680365296
1041,12.87906976744186
1042,15.127450980392156
1043,15.087885985748219
1044,13.534246575342467
1045,13.635235732009926
1046,14.136574074074074
1047,13.508274231678486
1048,13.106382978723405
1049,14.5855421686747
1050,14.226327944572748
1051,14.104783599088838
1052,15.5
1053,15.665036674816626
1054,16.34988179669031
1055,16.362110311750598
1056,13.75
1057,14.887254901960784
1058,13.614609571788414
1059,12.280092592592593
1060,12.627586206896552
1061,13.42093023255814
1062,14.74102564102564
1063,13.511467889908257
1064,13.514563106796116
1065,14.4825
1066,15.616306954436451
1067,16.495169082125603
1068,15.47242206235012
1069,14.875288683602772
1070,13.250645994832041
1071,14.041062801932368
1072,14.666666666666666
1073,15.087885985748219
1074,15.300970873786408
1075,16.16747572815534
1076,14.541966426858513
1077,14.914948453608247
1078,13.516279069767442
1079,13.639908256880734
1080,13.455172413793104
1081,13.96642685851319
1082,13.92271662763466
1083,13.72108843537415
1084,13.281329923273658
1085,12.920634920634921
1086,14.090909090909092
1087,15.12984054669704
1088,15.728310502283104
1089,14.927400468384075
1090,15.992957746478874
1091,13.503496503496503
1092,14.11111111111111
1093,13.67142857142857
1094,16.511467889908257
1095,15.992805755395683
1096,13.954128440366972
1097,14.223277909738718
1098,14.948275862068966
1099,13.439909297052154
1100,14.218362282878411
1101,13.035971223021583
1102,13.13053613053613
1103,12.861244019138756
1104,13.161731207289295
1105,14.043062200956937
1106,15.397701149425288
1107,13.997722095671982
1108,12.743055555555555
1109,13.57177033492823
1110,13.8384074941452
1111,13.755
1112,13.464852607709751
1113,12.0375
1114,11.636986301369863
1115,12.19501133786848
1116,13.860240963855421
1117,12.503401360544217
1118,13.148148148148149
1119,15.581395348837209
1120,14.52316076294278
1121,13.452873563218391
1122,14.919315403422983
1123,15.43123543123543
1124,16.263959390862944
1125,14.669789227166277
1126,14.237089201877934
1127,13.551963048498845
1128,13.404306220095695
1129,13.529816513761467
1130,14.048309178743962
1131,14.72562358276644
1132,14.347417840375586
1133,13.753180661577607
1134,12.25
1135,13.14123006833713
1136,13.305825242718447
1137,14.00744416873449
1138,12.592505854800937
1139,12.88888888888889
1140,14.42142857142857
1141,14.264840182648403
1142,15.938356164383562
1143,16.005128205128205
1144,14.929078014184396
1145,15.023474178403756
1146,14.29611650485437
1147,13.65083135391924
1148,12.517948717948718
1149,13.040476190476191
1150,12.160493827160494
1151,11.644836272040303
1152,11.728735632183907
1153,13.423444976076555
1154,13.776699029126213
1155,14.61465721040189
1156,14.821100917431192
1157,14.413533834586467
1158,13.436170212765957
1159,14.104477611940299
1160,14.596199524940618
1161,15.76867469879518
1162,16.64761904761905
1163,15.961451247165533
1164,15.213429256594724
1165,15.47394540942928
1166,14.587264150943396
1167,13.284382284382284
1168,15.198067632850242
1169,16.429667519181585
1170,14.25
1171,15.328703703703704
1172,15.712589073634204
1173,16.75632183908046
1174,15.490825688073395
1175,15.118721461187215
1176,15.04861111111111
1177,13.81360201511335
1178,14.794258373205741
1179,13.302961275626423
1180,14.930455635491606
1181,14.82325581395349
1182,16.002309468822173
1183,16.395238095238096
1184,17.087962962962962
1185,15.888372093023255
1186,15.52987012987013
1187,15.143187066974596
1188,13.392201834862385
1189,13.598152424942263
1190,14.592592592592593
1191,15.92074592074592
1192,14.947247706422019
1193,14.827586206896552
1194,14.990888382687928
1195,15.677339901477833
1196,14.671296296296296
1197,17.29047619047619
1198,15.721428571428572
1199,16.46813725490196
1200,14.80498866213152
1201,13.751196172248804
1202,15.398533007334963
1203,16.116788321167885
1204,14.198529411764707
1205,14.249400479616307
1206,14.042154566744731
1207,14.237864077669903
1208,14.266203703703704
1209,15.973684210526315
1210,14.428899082568808
1211,15.292161520190025
1212,14.708920187793428
1213,13.43855421686747
1214,14.761083743842365
1215,13.356132075471699
1216,13.901477832512315
1217,13.033078880407125
1218,12.014778325123153
1219,12.962216624685139
1220,12.587822014051522
1221,13.620098039215685
1222,14.61737089201878
1223,13.819672131147541
1224,14.25679012345679
1225,13.624145785876992
1226,14.102325581395348
1227,14.013953488372094
1228,14.591981132075471
1229,14.125570776255708
1230,14.050925925925926
1231,14.764568764568764
1232,16.011467889908257
1233,15.103896103896103
1234,13.750566893424036
1235,14.889929742388759
1236,14.12962962962963
1237,13.7242206235012
1238,14.356973995271868
1239,14.203703703703704
1240,16.699751861042184
1241,14.522144522144522
1242,15.848275862068965
1243,17.32233502538071
1244,16.170103092783506
1245,16.239247311827956
1246,14.0625
1247,14.226851851851851
1248,14.680652680652681
1249,14.89095744680851
1250,14.312807881773399
1251,14.094688221709006
1252,13.604215456674472
1253,16.355353075170843
1254,17.179611650485437
1255,14.263038548752835
1256,17.00966183574879
1257,15.376712328767123
1258,13.422632794457275
1259,15.123287671232877
1260,15.002298850574713
1261,13.83
1262,13.450346420323326
1263,15.456140350877194
1264,13.740318906605923
1265,13.890736342042755
1266,13.400497512437811
1267,12.826190476190476
1268,14.567632850241546
1269,14.424942263279446
1270,15.980535279805352
1271,16.272108843537413
1272,14.330296127562642
1273,15.317241379310344
1274,15.319347319347319
1275,15.375586854460094
1276,14.98974358974359
1277,12.95813953488372
1278,13.51048951048951
1279,16.67718446601942
1280,15.783641160949868
1281,15.367816091954023
1282,16.80778588807786
1283,16.676744186046513
1284,15.085714285714285
1285,17.0440097799511
1286,16.05437352245863
1287,14.99047619047619
1288,14.854214123006834
1289,13.977220956719817
1290,14.157407407407407
1291,15.698765432098766
1292,15.05911330049261
1293,14.971896955503514
1294,14.947743467933492
1295,14.644670050761421
1296,14.251732101616629
1297,13.76046511627907
1298,13.366028708133971
1299,13.102739726027398
1300,13.883826879271071
1301,14.038990825688073
1302,14.430622009569378
1303,13.749430523917995
1304,14.95320197044335
1305,13.34712643678161
1306,13.918635170603675
1307,14.204030226700253
1308,15.118686868686869
1309,13.593350383631714
1310,14.378250591016549
1311,15.341333333333333
1312,12.383720930232558
1313,14.511467889908257
1314,13.879901960784315
1315,15.651741293532337
1316,15.916883116883117
1317,14.669211195928753
1318,15.20873786407767
1319,15.490825688073395
1320,14.860730593607306
1321,14.564593301435407
1322,14.395238095238096
1323,14.934466019417476
1324,14.02721088435374
1325,13.58254716981132
1326,15.735763097949887
1327,13.974943052391799
1328,13.891454965357967
1329,13.66745283018868
1330,14.90632318501171
1331,15.71531100478469
1332,16.688995215311003
1333,15.255
1334,14.318944844124701
1335,15.08955223880597
1336,13.890442890442891
1337,14.031746031746032
1338,14.32089552238806
1339,14.957142857142857
1340,15.474178403755868
1341,14.757575757575758
1342,15.595402298850574
1343,15.422169811320755
1344,16.9126213592233
1345,15.468036529680365
1346,15.23448275862069
1347,14.553956834532373
1348,14.096446700507615
1349,14.158018867924529
1350,14.110854503464203
1351,15.300683371298405
1352,16.0
1353,14.30484988452656
1354,13.879818594104309
1355,15.43507972665148
1356,15.040476190476191
1357,14.62037037037037
1358,15.18978102189781
1359,15.281179138321995
1360,16.32541567695962
1361,14.121559633027523
1362,13.89655172413793
1363,15.287671232876713
1364,14.516666666666667
1365,14.714285714285714
1366,14.454106280193237
1367,16.37712895377129
1368,15.424657534246576
1369,16.65909090909091
1370,15.805418719211822
1371,14.064220183486238
1372,15.422802850356295
1373,14.781725888324873
1374,13.13849765258216
1375,15.695876288659793
1376,14.508045977011495
1377,16.243961352657006
1378,16.841379310344827
1379,15.213917525773196
1380,15.538990825688073
1381,16.58041958041958
1382,16.97902097902098
1383,15.824817518248175
1384,15.76905311778291
1385,16.64651162790698
1386,13.8025
1387,13.386206896551725
1388,12.802298850574713
1389,14.953810623556581
1390,13.74320987654321
1391,14.816326530612244
1392,16.01199040767386
1393,15.133802816901408
1394,14.978922716627634
1395,13.021377672209026
1396,14.990610328638498
1397,14.31924882629108
1398,14.045351473922903
1399,12.606896551724137
1400,12.730593607305936
1401,13.659420289855072
1402,13.08252427184466
1403,12.695754716981131
1404,13.435374149659864
1405,14.268817204301076
1406,12.877598152424943
1407,15.995238095238095
1408,14.273563218390805
1409,14.842995169082126
1410,15.24113475177305
1411,14.601415094339623
1412,14.27536231884058
1413,15.641203703703704
1414,13.632352941176471
1415,14.795061728395062
1416,14.256410256410257
1417,15.763466042154567
1418,16.556626506024095
1419,15.449074074074074
1420,15.516990291262136
1421,15.380382775119617
1422,13.78484107579462
1423,14.518891687657431
1424,13.536529680365296
1425,14.016746411483254
1426,14.605459057071961
1427,12.867469879518072
1428,13.917995444191344
1429,14.474178403755868
1430,14.529550827423169
1431,14.330188679245284
1432,15.041958041958042
1433,16.005208333333332
1434,16.04092071611253
1435,16.02469135802469
1436,13.27972027972028
1437,13.440104166666666
1438,13.717339667458432
1439,13.956937799043063
1440,15.505694760820045
1441,14.731591448931116
1442,14.831295843520783
1443,15.995271867612294
1444,15.18796992481203
1445,15.275434243176178
1446,13.324263038548754
1447,13.5
1448,12.489749430523919
1449,14.315662650602409
1450,14.1712158808933
1451,12.48711943793911
1452,13.17123287671233
1453,14.471698113207546
1454,14.428223844282238
1455,15.694789081885856
1456,15.02771362586605
1457,15.830917874396135
1458,14.072289156626505
1459,13.405963302752294
1460,13.809178743961352
1461,15.070388349514563
1462,14.02770083102493
1463,12.91851851851852
1464,11.965277777777779
1465,13.785542168674699
1466,14.504716981132075
1467,14.824074074074074
1468,13.807106598984772
1469,12.43953488372093
1470,12.491315136476427
1471,14.864285714285714
1472,15.45343137254902
1473,15.173396674584323
1474,14.941025641025641
1475,14.41320293398533
1476,14.308045977011494
1477,15.813895781637717
1478,14.362962962962962
1479,14.31457800511509
1480,15.066666666666666
1481,15.592592592592593
1482,15.473193473193474
1483,15.516279069767442
1484,16.577464788732396
1485,15.88443396226415
1486,14.88735632183908
1487,13.757575757575758
1488,15.677749360613811
1489,14.817745803357314
1490,14.690531177829099
1491,15.425925925925926
1492,16.325635103926096
1493,16.632794457274827
1494,17.215456674473067
1495,16.44208037825059
1496,15.497354497354497
1497,15.249406175771972
1498,16.413533834586467
1499,14.808219178082192
1500,14.369509043927648
1501,13.1525
1502,11.627791563275434
1503,12.2125
1504,13.659420289855072
1505,13.666666666666666
1506,13.139479905437351
1507,13.405895691609977
1508,15.117913832199546
1509,15.973544973544973
1510,13.710045662100457
1511,13.342403628117914
1512,15.10344827586207
1513,13.461187214611872
1514,13.444162436548224
1515,12.66046511627907
1516,16.721674876847292
1517,14.612244897959183
1518,15.009237875288683
1519,14.554245283018869
1520,15.919621749408984
1521,15.762910798122066
1522,15.471830985915492
1523,16.5578231292517
1524,15.701149425287356
1525,16.73611111111111
1526,15.510538641686182
1527,15.673965936739659
1528,15.148681055155876
1529,13.615571776155718
1530,12.965770171149144
1531,12.713615023474178
1532,14.273972602739725
1533,13.223776223776223
1534,14.482517482517483
1535,15.192399049881235
1536,15.338028169014084
1537,15.274271844660195
1538,14.820861678004535
1539,14.266509433962264
1540,13.395348837209303
1541,12.775229357798166
1542,14.768867924528301
1543,15.524173027989821
1544,13.0311004784689
1545,12.965753424657533
1546,12.962162162162162
1547,12.54278728606357
1548,12.513698630136986
1549,13.436274509803921
1550,14.097112860892388
1551,12.4123006833713
1552,13.891156462585034
1553,13.741092636579573
1554,15.924019607843137
1555,14.01207729468599
1556,13.78088578088578
1557,14.405275779376499
1558,14.223300970873787
1559,14.696517412935323
1560,14.138755980861244
1561,13.528350515463918
1562,11.631701631701631
1563,13.226600985221674
1564,15.76923076923077
1565,17.444444444444443
1566,16.302158273381295
1567,16.104368932038835
1568,15.079365079365079
1569,16.63849765258216
1570,15.575057736720554
1571,15.013793103448275
1572,14.729665071770334
1573,15.236406619385344
1574,15.887468030690536
1575,14.751162790697675
1576,14.445727482678985
1577,15.544186046511628
1578,16.288732394366196
1579,15.911111111111111
1580,13.35796766743649
1581,12.018779342723004
1582,14.090024330900244
1583,14.51015228426396
1584,13.931192660550458
1585,13.2975
1586,13.834625322997416
1587,12.12087912087912
1588,12.796803652968036
1589,14.889156626506024
1590,15.850117096018735
1591,15.662068965517241
1592,13.404157043879907
1593,13.081395348837209
1594,16.12137203166227
1595,15.330097087378642
1596,13.86935866983373
1597,13.790094339622641
1598,13.965432098765431
1599,13.612676056338028
1600,15.497435897435897
1601,12.983132530120482
1602,12.142191142191143
1603,13.378109452736318
1604,13.664285714285715
1605,14.18
1606,13.63013698630137
1607,12.265060240963855
1608,12.3375
1609,12.919540229885058
1610,13.038369304556355
1611,13.0
1612,13.819070904645477
1613,14.356020942408376
1614,12.307142857142857
1615,12.766423357664234
1616,12.963470319634704
1617,16.51558752997602
1618,16.73182957393484
1619,14.676537585421412
1620,13.5848623853211
1621,12.942660550458715
1622,13.840277777777779
1623,14.039408866995075
1624,16.22716049382716
1625,15.89269406392694
1626,15.570114942528736
1627,16.418052256532068
1628,15.3125
1629,14.361244019138756
1630,15.509132420091325
1631,16.188995215311003
1632,16.039260969976905
1633,15.262790697674419
1634,14.66172839506173
1635,13.659722222222221
1636,14.263157894736842
1637,14.255474452554745
1638,12.904651162790698
1639,14.955082742316785
1640,15.625850340136054
1641,16.146853146853147
1642,13.50462962962963
1643,14.703087885985749
1644,15.651270207852194
1645,17.595180722891566
1646,15.519047619047619
1647,15.81712962962963
1648,16.189066059225514
1649,16.287410926365794
1650,14.966494845360824
1651,14.12200956937799
1652,13.52454780361757
1653,14.509852216748769
1654,13.516279069767442
1655,12.773841961852861
1656,11.967592592592593
1657,11.983009708737864
1658,13.30170316301703
1659,13.647619047619047
1660,12.738532110091743
1661,13.209245742092458
1662,13.009501187648455
1663,14.891454965357967
1664,15.47715736040609
1665,14.148325358851675
1666,15.617577197149643
1667,15.320665083135392
1668,15.404109589041095
1669,14.763761467889909
1670,15.728571428571428
1671,13.4123006833713
1672,14.763097949886104
1673,14.482678983833718
1674,13.31860465116279
1675,15.323809523809524
1676,16.0
1677,16.817961165048544
1678,14.289672544080604
1679,13.130232558139534
1680,14.93720930232558
1681,14.571428571428571
1682,14.594533029612757
1683,14.690821256038648
1684,15.432569974554708
1685,15.417840375586854
1686,16.105134474327627
1687,17.385964912280702
1688,16.634517766497463
1689,16.065573770491802
1690,15.888311688311688
1691,14.613583138173302
1692,14.93095238095238
1693,15.802083333333334
1694,15.004651162790697
1695,13.917293233082706
1696,12.396713615023474
1697,13.090702947845806
1698,13.658198614318707
1699,14.971223021582734
1700,16.405
1701,16.166259168704155
1702,15.258907363420427
1703,15.97841726618705
1704,15.56280193236715
1705,15.315914489311163
1706,13.827505827505828
1707,13.291571753986332
1708,14.695035460992909
1709,15.216019417475728
1710,14.323040380047505
1711,14.623556581986143
1712,14.6270783847981
1713,13.942922374429223
1714,14.838028169014084
1715,14.461722488038278
1716,16.875299760191847
1717,16.05089058524173
1718,13.612745098039216
1719,13.611675126903553
1720,12.492424242424242
1721,11.525380710659899
1722,10.39344262295082
1723,12.867612293144209
1724,14.924574209245742
1725,15.72987012987013
1726,14.057416267942584
1727,12.114155251141552
1728,14.29064039408867
1729,12.7425
1730,12.544600938967136
1731,12.841379310344827
1732,12.783908045977011
1733,13.091981132075471
1734,15.176
1735,15.232613908872901
1736,15.14622641509434
1737,16.880733944954127
1738,16.41780821917808
1739,18.171641791044777
1740,14.666666666666666
1741,13.691037735849056
1742,13.646370023419204
1743,15.181609195402299
1744,14.730366492146597
1745,13.975369458128078
1746,14.669879518072289
1747,15.022727272727273
1748,15.152777777777779
1749,14.691542288557214
1750,12.54225352112676
1751,13.106235565819862
1752,14.6125
1753,14.861650485436893
1754,15.759815242494227
1755,16.275943396226417
1756,14.634803921568627
1757,14.873015873015873
1758,14.009708737864077
1759,13.100244498777506
1760,14.757105943152455
1761,14.071428571428571
1762,15.654040404040405
1763,14.448192771084337
1764,14.351288056206089
1765,14.349282296650717
1766,12.727047146401985
1767,13.284738041002278
1768,14.158508158508159
1769,14.852459016393443
1770,15.255172413793103
1771,15.149082568807339
1772,15.870283018867925
1773,15.519047619047619
1774,15.227790432801822
1775,16.076190476190476
1776,14.469437652811736
1777,12.55082742316785
1778,12.976525821596244
1779,12.842723004694836
1780,13.62864077669903
1781,13.167464114832535
1782,11.981776765375853
1783,14.65967365967366
1784,14.664961636828645
1785,13.293577981651376
1786,16.3485254691689
1787,15.453681710213777
1788,13.856368563685637
1789,12.080831408775982
1790,14.467469879518072
1791,13.63325183374083
1792,15.141439205955335
1793,13.571776155717762
1794,12.55813953488372
1795,12.918604651162791
1796,15.341981132075471
1797,13.866504854368932
1798,14.110843373493976
1799,14.812182741116752
1800,14.23444976076555
1801,12.793764988009592
1802,13.125
1803,13.6171875
1804,13.54034229828851
1805,12.882086167800454
1806,14.48820754716981
1807,12.830143540669857
1808,12.173708920187794
1809,14.096446700507615
1810,13.201405152224824
1811,14.52183908045977
1812,14.095890410958905
1813,14.136054421768707
1814,13.933940774487471
1815,13.981264637002342
1816,12.672169811320755
1817,13.388372093023255
1818,13.321596244131456
1819,14.55188679245283
1820,14.275534441805226
1821,14.39906103286385
1822,16.141552511415526
1823,15.704128440366972
1824,17.40547263681592
1825,14.891954022988505
1826,13.543424317617866
1827,12.93285371702638
1828,13.763218390804598
1829,12.75
1830,12.177676537585421
1831,13.805755395683454
1832,15.440281030444964
1833,14.648526077097506
1834,15.212121212121213
1835,14.013761467889909
1836,14.847775175644028
1837,14.74074074074074
1838,14.945205479452055
1839,15.694638694638694
1840,14.238095238095237
1841,15.566985645933014
1842,14.030023094688222
1843,13.385826771653543
1844,13.07816091954023
1845,13.059225512528474
1846,12.522891566265061
1847,12.537170263788969
1848,13.072093023255814
1849,13.48031496062992
1850,13.171361502347418
1851,13.93632075471698
1852,15.16551724137931
1853,14.411494252873563
1854,15.353689567430026
1855,16.62378640776699
1856,13.772616136919316
1857,14.889952153110048
1858,14.740046838407494
1859,14.930521091811414
1860,13.589569160997732
1861,15.264285714285714
1862,15.523809523809524
1863,17.383219954648528
1864,16.481770833333332
1865,14.498701298701299
1866,14.441805225653207
1867,15.67605633802817
1868,16.27338129496403
1869,16.546485260770975
1870,16.12240184757506
1871,16.305418719211822
1872,15.049295774647888
1873,14.285057471264368
1874,13.367758186397985
1875,13.986666666666666
1876,12.99755501222494
1877,14.152380952380952
1878,15.625866050808314
1879,16.93853427895981
1880,16.23488372093023
1881,15.314942528735632
1882,14.495433789954339
1883,14.932558139534883
1884,14.494252873563218
1885,13.633734939759035
1886,16.013698630136986
1887,15.004535147392291
1888,15.983253588516746
1889,15.910843373493975
1890,13.304038004750593
1891,13.630434782608695
1892,12.965831435079727
1893,14.03755868544601
1894,14.278301886792454
1895,15.971354166666666
1896,14.360696517412935
1897,14.6375
1898,14.16183574879227
1899,13.928921568627452
1900,13.544364508393285
1901,14.67458432304038
1902,13.25242718446602
1903,13.885714285714286
1904,13.263403263403264
1905,13.723809523809523
1906,14.372960372960373
1907,13.53771289537713
1908,13.03448275862069
1909,11.717761557177615
1910,12.903301886792454
1911,14.049645390070921
1912,14.805164319248826
1913,14.304038004750593
1914,13.35036496350365
1915,14.931116389548693
1916,13.805970149253731
1917,14.838337182448036
1918,14.536931818181818
1919,12.372960372960373
1920,13.687214611872147
1921,15.69320843091335
1922,15.188505747126436
1923,14.959785522788204
1924,13.614583333333334
1925,12.24228028503563
1926,14.184931506849315
1927,14.97555012224939
1928,13.995464852607709
1929,14.668934240362812
1930,15.398550724637682
1931,13.186206896551724
1932,14.091787439613526
1933,13.856481481481481
1934,15.402409638554216
1935,15.30232558139535
1936,16.92924528301887
1937,16.258992805755394
1938,14.99769053117783
1939,15.49874686716792
1940,15.118203309692671
1941,15.276744186046512
1942,16.549653579676676
1943,14.997716894977168
1944,16.825688073394495
1945,17.74826789838337
1946,17.08314087759815
1947,15.169902912621358
1948,14.573934837092732
1949,12.638095238095238
1950,13.343669250645995
1951,12.635265700483092
1952,12.334894613583138
1953,13.044077134986226
1954,10.895939086294415
1955,11.293427230046948
1956,12.511111111111111
1957,11.876146788990825
1958,13.786259541984732
1959,13.73551637279597
1960,14.451162790697675
1961,15.582766439909298
1962,15.925301204819277
1963,14.37719298245614
1964,13.242630385487528
1965,15.140350877192983
1966,15.214646464646465
1967,15.220623501199041
1968,15.481751824817518
1969,16.32804232804233
1970,14.765807962529275
1971,15.073891625615763
1972,14.720183486238533
1973,15.552311435523114
1974,15.394607843137255
1975,15.233250620347395
1976,14.509803921568627
1977,16.068075117370892
1978,15.308333333333334
1979,13.212048192771084
1980,14.89598108747045
1981,14.278959810874705
1982,14.370098039215685
1983,13.01639344262295
1984,13.381642512077295
1985,13.741379310344827
1986,13.173913043478262
1987,12.7018779342723
1988,12.236406619385344
1989,13.812345679012346
1990,13.619385342789599
1991,13.679802955665025
1992,14.178571428571429
1993,13.379391100702577
1994,12.732426303854876
1995,12.799019607843137
1996,12.267156862745098
1997,12.377622377622378
1998,11.997706422018348
1999,12.46189376443418
2000,14.527710843373494
2001,14.75175644028103
2002,14.153846153846153
2003,14.387755102040817
2004,14.891454965357967
2005,13.334894613583138
2006,13.265206812652067
2007,12.744131455399062
2008,11.808314087759815
2009,15.043577981651376
2010,15.374418604651163
2011,14.375
2012,14.173913043478262
2013,13.301149425287356
2014,14.045130641330166
2015,14.143187066974596
2016,14.60958904109589
2017,15.03132530120482
2018,15.256926952141058
2019,15.090697674418605
2020,14.424942263279446
2021,14.602380952380953
2022,13.46116504854369
2023,12.704761904761904
2024,13.192118226600986
2025,11.623287671232877
2026,12.27659574468085
2027,14.966265060240964
2028,15.495283018867925
2029,16.32638888888889
2030,16.413793103448278
2031,15.068965517241379
2032,15.252927400468383
2033,15.069767441860465
2034,14.295081967213115
2035,15.296296296296296
2036,14.37062937062937
2037,15.187066974595844
2038,14.660592255125284
2039,14.968137254901961
2040,15.558194774346793
2041,15.251231527093596
2042,16.586124401913874
2043,17.281395348837208
2044,15.350797266514807
2045,14.621559633027523
2046,15.056689342403628
2047,15.705722070844686
2048,14.058956916099774
2049,14.041379310344828
2050,15.435567010309278
2051,14.10344827586207
2052,12.258741258741258
2053,12.594805194805195
2054,11.23943661971831
2055,14.506976744186046
2056,14.979328165374676
2057,13.37906976744186
2058,15.974943052391799
2059,16.54186046511628
2060,15.574162679425838
2061,15.4364896073903
2062,14.7437641723356
2063,15.946882217090069
2064,17.379391100702577
2065,15.123006833712983
2066,16.45967741935484
2067,14.156462585034014
2068,15.305210918114144
2069,14.660287081339712
2070,15.179487179487179
2071,15.007334963325183
2072,15.498812351543943
2073,13.357723577235772
2074,14.080808080808081
2075,13.053488372093023
2076,14.202597402597403
2077,13.862232779097388
2078,13.725060827250608
2079,13.804597701149426
2080,13.628841607565011
2081,15.331034482758621
2082,16.927437641723355
2083,17.277078085642316
2084,15.363143631436314
2085,13.482185273159145
2086,13.91264367816092
2087,14.838268792710705
2088,14.574712643678161
2089,15.119540229885057
2090,15.134751773049645
2091,15.180365296803654
2092,15.066176470588236
2093,15.249433106575964
2094,15.492027334851937
2095,15.66744730679157
2096,13.66743648960739
2097,13.724056603773585
2098,12.993166287015946
2099,13.202298850574712
2100,13.180555555555555
2101,14.805352798053528
2102,14.886836027713626
2103,14.201492537313433
2104,14.529680365296803
2105,14.288557213930348
2106,14.222222222222221
2107,14.67688679245283
2108,13.22695035460993
2109,13.1859410430839
2110,16.60839160839161
2111,14.837899543378995
2112,15.054495912806539
2113,12.119266055045872
2114,14.923645320197044
2115,15.54186046511628
2116,15.426506024096385
2117,16.161125319693095
2118,14.184757505773671
2119,13.869047619047619
2120,14.706172839506173
2121,13.374133949191686
2122,14.478036175710594
2123,12.630484988452656
2124,13.51834862385321
2125,14.516279069767442
2126,15.495145631067961
2127,14.85679012345679
2128,13.443373493975903
2129,13.638297872340425
2130,14.646924829157175
2131,16.162100456621005
2132,17.204597701149424
2133,15.34047619047619
2134,15.58133971291866
2135,13.983253588516746
2136,13.508045977011495
2137,16.541284403669724
2138,16.480113636363637
2139,14.6375
2140,13.608796296296296
2141,15.209809264305177
2142,14.577625570776256
2143,14.084282460136674
2144,14.612756264236902
2145,15.76978417266187
2146,14.765258215962442
2147,15.206088992974239
2148,15.147887323943662
2149,14.650118203309693
2150,13.735362997658079
2151,16.63768115942029
2152,14.833746898263028
2153,15.960732984293193
2154,14.729166666666666
2155,16.369791666666668
2156,14.950354609929079
2157,14.8743961352657
2158,16.46
2159,14.18140589569161
2160,15.67458432304038
2161,17.01138952164009
2162,15.982188295165395
2163,14.650234741784038
2164,14.774936061381075
2165,14.362997658079625
2166,14.6848635235732
2167,15.015981735159817
2168,14.34047619047619
2169,13.916666666666666
2170,15.439909297052154
2171,15.64054054054054
2172,14.803030303030303
2173,14.648325358851675
2174,12.479452054794521
2175,14.154195011337869
2176,15.80295566502463
2177,14.04849884526559
2178,15.64950980392157
2179,12.983372921615201
2180,12.61111111111111
2181,14.435960591133005
2182,14.310502283105023
2183,13.865435356200528
2184,12.004866180048662
2185,12.779816513761467
2186,13.821256038647343
2187,13.944572748267898
2188,16.213740458015266
2189,14.042183622828784
2190,12.930232558139535
2191,14.087378640776699
2192,16.9618320610687
2193,16.24418604651163
2194,14.339667458432304
2195,13.30787037037037
2196,13.8575
2197,13.344036697247706
2198,13.091743119266056
2199,12.925581395348837
2200,13.136253041362531
2201,14.290167865707435
2202,13.510344827586207
2203,12.65281173594132
2204,13.045558086560364
2205,13.185463659147869
2206,13.552752293577981
2207,14.491315136476427
2208,12.965277777777779
2209,14.521091811414392
2210,15.493702770780857
2211,13.496535796766743
2212,14.548974943052391
2213,14.494226327944572
2214,14.31132075471698
2215,14.735159817351597
2216,15.84862385321101
2217,16.395833333333332
2218,16.961904761904762
2219,16.658256880733944
2220,16.354609929078013
2221,15.997641509433961
2222,15.520681265206813
2223,14.600950118764846
2224,14.212918660287082
2225,15.690697674418605
2226,17.381720430107528
2227,15.439814814814815
2228,16.573059360730593
2229,16.00722891566265
2230,15.997706422018348
2231,15.177304964539006
2232,14.669767441860465
2233,16.509302325581395
2234,15.282442748091603
2235,14.407407407407407
2236,13.808510638297872
2237,14.761904761904763
2238,12.622685185185185
2239,15.264102564102565
2240,15.1371158392435
2241,15.446009389671362
2242,16.066176470588236
2243,14.873853211009175
2244,15.589449541284404
2245,14.924757281553399
2246,14.826302729528535
2247,14.75
2248,13.690205011389521
2249,15.43884892086331
2250,13.583333333333334
2251,12.811004784688995
2252,12.46
2253,12.960493827160494
2254,13.46189376443418
2255,14.337628865979381
2256,13.935632183908046
2257,15.445727482678985
2258,14.870669745958429
2259,14.17123287671233
2260,15.291044776119403
2261,15.120728929384965
2262,16.746031746031747
2263,17.152380952380952
2264,16.682539682539684
2265,16.786259541984734
2266,14.627450980392156
2267,14.363425925925926
2268,12.336021505376344
2269,13.267898383371824
2270,12.357798165137615
2271,13.468982630272953
2272,12.54421768707483
2273,14.83838383838384
2274,16.013953488372092
2275,15.519906323185012
2276,15.879271070615035
2277,15.172169811320755
2278,13.909297052154194
2279,14.990049751243781
2280,15.106132075471699
2281,14.59452736318408
2282,14.697841726618705
2283,13.935632183908046
2284,14.238442822384428
2285,13.388020833333334
2286,13.521844660194175
2287,12.058080808080808
2288,12.179292929292929
2289,12.232183908045977
2290,15.17312661498708
2291,12.892344497607656
2292,12.890442890442891
2293,13.047169811320755
2294,13.803782505910165
2295,13.06378132118451
2296,15.75779376498801
2297,14.659722222222221
2298,15.004784688995215
2299,14.287081339712918
2300,16.571830985915494
2301,14.983796296296296
2302,15.236220472440944
2303,14.072289156626505
2304,16.263761467889907
2305,16.057736720554274
2306,14.525462962962964
2307,15.27816091954023
2308,13.68348623853211
2309,15.64247311827957
2310,14.018223234624147
2311,14.049645390070921
2312,14.314220183486238
2313,15.252955082742316
2314,16.376288659793815
2315,15.870892018779342
2316,13.992610837438423
2317,13.481395348837209
2318,16.244498777506113
2319,14.953703703703704
2320,18.341145833333332
2321,15.841191066997519
2322,14.268792710706151
2323,13.73015873015873
2324,14.628841607565011
2325,13.489655172413793
2326,15.080729166666666
2327,13.272300469483568
2328,12.70503597122302
2329,13.183374083129584
2330,14.661691542288557
2331,13.451025056947609
2332,13.82175925925926
2333,16.1825
2334,16.119804400977994
2335,15.656330749354005
2336,13.561904761904762
2337,11.997668997668997
2338,13.574209245742093
2339,14.256880733944953
2340,14.89153439153439
2341,14.393867924528301
2342,14.506024096385541
2343,15.493540051679586
2344,13.819444444444445
2345,16.4919168591224
2346,15.226415094339623
2347,13.07161125319693
2348,12.98044009779951
2349,13.473441108545035
2350,13.74537037037037
2351,14.233796296296296
2352,14.710706150341686
2353,12.189814814814815
2354,11.950113378684808
2355,14.412037037037036
2356,13.359903381642512
2357,15.902050113895216
2358,14.430232558139535
2359,14.38423645320197
2360,15.660377358490566
2361,15.49476439790576
2362,15.034722222222221
2363,15.837696335078535
2364,14.445754716981131
2365,15.102380952380953
2366,15.812345679012346
2367,16.095571095571096
2368,15.324742268041238
2369,14.182232346241458
2370,13.857142857142858
2371,13.661691542288557
2372,12.640287769784173
2373,15.0
2374,14.548309178743962
2375,14.135897435897435
2376,13.292565947242206
2377,16.38262910798122
2378,15.046511627906977
2379,15.040712468193384
2380,14.5848623853211
2381,13.211442786069652
2382,14.314720812182742
2383,14.298245614035087
2384,15.007299270072993
2385,14.662844036697248
2386,15.839160839160838
2387,16.45432098765432
2388,15.781774580335732
2389,16.759815242494227
2390,16.85480093676815
2391,15.948717948717949
2392,16.117096018735364
2393,16.478458049886623
2394,14.667464114832535
2395,12.697038724373577
2396,13.494305239179955
2397,12.771289537712896
2398,12.694581280788178
2399,11.27437641723356
2400,15.050970873786408
2401,14.659817351598173
2402,12.658198614318707
2403,12.949425287356322
2404,12.982885085574573
2405,14.695348837209302
2406,14.753588516746412
2407,14.907801418439716
2408,15.909090909090908
2409,16.885057471264368
2410,15.398584905660377
2411,16.51207729468599
2412,15.428571428571429
2413,14.040963855421687
2414,14.645977011494253
2415,13.851936218678816
2416,15.120098039215685
2417,13.151162790697674
2418,12.255936675461742
2419,12.755244755244755
2420,14.147806004618937
2421,14.419191919191919
2422,14.180522565320665
2423,13.560364464692483
2424,13.874704491725769
2425,13.878552971576227
2426,12.559633027522937
2427,13.6651376146789
2428,14.455813953488372
2429,15.069135802469136
2430,15.515366430260046
2431,15.344497607655502
2432,14.904109589041095
2433,14.476415094339623
2434,15.14123006833713
2435,14.752969121140142
2436,16.19362186788155
2437,13.631455399061032
2438,13.200507614213198
2439,13.290993071593533
2440,13.867441860465116
2441,14.332558139534884
2442,15.485057471264367
2443,15.52183908045977
2444,14.833740831295843
2445,14.286374133949192
2446,14.57487922705314
2447,17.370927318295738
2448,15.252450980392156
2449,13.883905013192612
2450,13.7018779342723
2451,13.811904761904762
2452,14.924433249370278
2453,14.464367816091954
2454,14.54245283018868
2455,13.158018867924529
2456,13.297619047619047
2457,13.87468671679198
2458,12.93348623853211
2459,13.939546599496222
2460,12.764172335600907
2461,14.984615384615385
2462,13.843537414965986
2463,15.551643192488262
2464,18.13975903614458
2465,16.075688073394495
2466,16.58041958041958
2467,15.050925925925926
2468,15.954648526077097
2469,15.970114942528735
2470,16.080188679245282
2471,16.09722222222222
2472,16.866213151927436
2473,19.06122448979592
2474,19.993006993006993
2475,18.346938775510203
2476,14.827906976744186
2477,14.189320388349515
2478,14.810874704491725
2479,14.604166666666666
2480,14.497607655502392
2481,14.138020833333334
2482,13.813106796116505
2483,14.053789731051344
2484,12.714285714285714
2485,13.537414965986395
2486,13.186602870813397
2487,13.462686567164178
2488,14.072463768115941
2489,14.370023419203747
2490,16.39767441860465
2491,15.0975
2492,13.616666666666667
2493,13.223776223776223
2494,13.662763466042154
2495,12.720987654320988
2496,13.458128078817735
2497,14.071078431372548
2498,13.502525252525253
2499,13.344827586206897
2500,16.919799498746865
2501,16.145
2502,15.75990675990676
2503,14.997652582159624
2504,13.024096385542169
2505,14.418439716312056
2506,14.56367924528302
2507,14.79064039408867
2508,14.328671328671328
2509,14.67361111111111
2510,14.488095238095237
2511,15.533018867924529
2512,15.225728155339805
2513,14.860091743119266
2514,16.04728132387707
2515,13.717703349282298
2516,14.248717948717948
2517,14.7459584295612
2518,12.733485193621869
2519,12.179138321995465
2520,14.115839243498819
2521,16.289156626506024
2522,14.920273348519363
2523,16.337155963302752
2524,14.796019900497512
2525,13.454332552693208
2526,14.103926096997691
2527,14.780821917808218
2528,15.33495145631068
2529,15.625615763546797
2530,15.27007299270073
2531,14.298405466970387
2532,15.028871391076116
2533,14.08695652173913
2534,13.442922374429223
2535,15.55188679245283
2536,15.912844036697248
2537,15.218446601941748
2538,16.16301703163017
2539,13.272300469483568
2540,13.947608200455582
2541,14.657701711491443
2542,14.485260770975056
2543,14.739234449760765
2544,13.428571428571429
2545,15.681481481481482
2546,15.714285714285714
2547,14.97423887587822
2548,14.428571428571429
2549,14.603864734299517
2550,15.428899082568808
2551,12.755196304849884
2552,13.375886524822695
2553,14.662531017369727
2554,14.6256038647343
2555,15.194379391100703
2556,15.1371158392435
2557,14.157181571815718
2558,12.987212276214834
2559,12.614832535885167
2560,13.830917874396135
2561,13.573809523809524
2562,14.853018372703412
2563,13.952054794520548
2564,14.975
2565,15.619952494061758
2566,14.446808510638299
2567,13.497685185185185
2568,13.164285714285715
2569,14.748837209302325
2570,15.920103092783505
2571,16.48095238095238
2572,15.913279132791327
2573,15.47072599531616
2574,15.472906403940886
2575,14.348837209302326
2576,16.393103448275863
2577,15.186206896551724
2578,15.454761904761904
2579,15.525229357798166
2580,15.241975308641976
2581,15.441176470588236
2582,16.433734939759034
2583,15.538990825688073
2584,14.50462962962963
2585,15.168704156479217
2586,16.065759637188208
2587,16.94776119402985
2588,14.74757281553398
2589,13.51270207852194
2590,16.31904761904762
2591,14.354368932038835
2592,13.744131455399062
2593,14.365339578454332
2594,14.221709006928407
2595,13.918781725888325
2596,13.530516431924882
2597,14.543981481481481
2598,15.52154195011338
2599,15.275229357798166
2600,16.09501187648456
2601,16.2320987654321
2602,16.422374429223744
2603,14.37906976744186
2604,14.044619422572179
2605,14.054590570719602
2606,12.723716381418093
2607,12.28246013667426
2608,14.46135831381733
2609,13.495145631067961
2610,14.303854875283447
2611,15.346368715083798
2612,12.856115107913668
2613,11.20501138952164
2614,11.714942528735632
2615,14.31400966183575
2616,14.36
2617,14.52112676056338
2618,14.712230215827338
2619,14.301587301587302
2620,13.453703703703704
2621,12.872437357630979
2622,14.022988505747126
2623,15.321596244131456
2624,14.476525821596244
2625,13.943793911007026
2626,14.502415458937199
2627,15.4609375
2628,13.53066037735849
2629,14.124711316397228
2630,12.866213151927438
2631,14.526436781609195
2632,14.073059360730594
2633,13.762557077625571
2634,14.437357630979498
2635,14.85
2636,15.888361045130642
2637,14.890776699029127
2638,16.586046511627906
2639,15.64102564102564
2640,15.287769784172662
2641,15.264840182648403
2642,14.752358490566039
2643,15.312958435207824
2644,15.84543325526932
2645,16.306791569086652
2646,16.786223277909738
2647,15.793911007025761
2648,16.26511627906977
2649,15.848258706467663
2650,16.004728132387708
2651,17.069544364508392
2652,14.196304849884527
2653,14.971867007672634
2654,13.035211267605634
2655,12.371824480369515
2656,14.25
2657,13.635036496350365
2658,14.808153477218225
2659,15.713513513513513
2660,13.35
2661,14.942446043165468
2662,15.406392694063927
2663,16.874109263657957
2664,14.331288343558283
2665,11.191176470588236
2666,8.911660777385158
2667,7.758974358974359
2668,8.707774798927614
2669,8.307888040712468
2670,8.004926108374384
2671,7.655581947743468
2672,8.094036697247706
2673,8.889671361502348
2674,8.955882352941176
2675,9.111922141119221
2676,9.311111111111112
2677,10.253488372093024
2678,10.930521091811414
2679,9.838095238095239
2680,10.382428940568476
2681,9.41025641025641
2682,9.662735849056604
2683,11.115107913669064
2684,10.665071770334928
2685,11.45320197044335
2686,11.058962264150944
2687,11.246376811594203
2688,11.45813953488372
2689,10.549261083743842
2690,10.588807785888077
2691,11.36697247706422
2692,12.724137931034482
2693,12.356481481481481
2694,14.24317617866005
2695,14.424242424242424
2696,14.42257217847769
2697,12.59953161592506
2698,12.11389521640091
2699,13.682758620689656
2700,15.156626506024097
2701,15.770833333333334
2702,14.598152424942263
2703,14.46046511627907
2704,15.790123456790123
2705,15.181818181818182
2706,14.415458937198068
2707,14.059633027522937
2708,14.15261958997722
2709,13.88812785388128
2710,14.687356321839081
2711,14.762557077625571
2712,14.634660421545668
2713,13.167487684729064
2714,13.58695652173913
2715,13.414868105515588
2716,13.085714285714285
2717,13.575117370892018
2718,15.219907407407407
2719,13.37793427230047
2720,15.28640776699029
2721,16.375296912114013
2722,14.981220657276996
2723,15.792857142857143
2724,14.494061757719715
2725,13.250569476082005
2726,14.048661800486618
2727,14.703196347031964
2728,12.564593301435407
2729,13.193995381062356
2730,13.639386189258312
2731,13.544827586206896
2732,13.532863849765258
2733,13.210268948655257
2734,14.445
2735,12.450381679389313
2736,11.088516746411484
2737,12.91161616161616
2738,13.38213399503722
2739,15.041208791208792
2740,13.305555555555555
2741,14.56501182033097
2742,16.07816091954023
2743,14.2375
2744,13.923990498812351
2745,14.846335697399526
2746,13.672055427251733
2747,13.955399061032864
2748,14.548543689320388
2749,13.0
2750,12.707142857142857
2751,12.962529274004684
2752,13.502293577981652
2753,13.47677261613692
2754,13.874125874125873
2755,14.23
2756,14.06651376146789
2757,12.65159574468085
2758,12.32387706855792
2759,13.644927536231885
2760,13.934939759036144
2761,14.570071258907364
2762,14.469437652811736
2763,13.764172335600907
2764,13.280182232346242
2765,15.135831381733022
2766,15.57906976744186
2767,16.0
2768,14.022988505747126
2769,14.520383693045563
2770,14.47
2771,13.058956916099774
2772,15.4525
2773,13.67824074074074
2774,16.235154394299286
2775,14.847775175644028
2776,14.441247002398082
2777,13.573770491803279
2778,12.229828850855746
2779,11.397228637413395
2780,13.636574074074074
2781,14.502314814814815
2782,13.345864661654135
2783,14.044289044289044
2784,15.849350649350649
2785,14.593533487297922
2786,13.69047619047619
2787,12.822843822843822
2788,13.795348837209302
2789,13.352941176470589
2790,14.73820754716981
2791,14.819672131147541
2792,14.484633569739954
2793,13.682539682539682
2794,13.014563106796116
2795,15.130541871921181
2796,14.44976076555024
2797,13.197149643705464
2798,13.886649874055415
2799,17.463350785340314
2800,14.853488372093024
2801,14.390887290167866
2802,13.900523560209423
2803,13.68421052631579
2804,14.981481481481481
2805,15.954545454545455
2806,14.741496598639456
2807,16.179856115107913
2808,14.038277511961722
2809,15.795871559633028
2810,17.833333333333332
2811,15.746958637469586
2812,13.461187214611872
2813,13.085714285714285
2814,11.978102189781023
2815,12.681927710843373
2816,12.586854460093896
2817,14.08904109589041
2818,15.124121779859484
2819,15.19672131147541
2820,14.521640091116174
2821,15.312354312354312
2822,15.633004926108374
2823,14.665105386416862
2824,14.756626506024096
2825,14.454106280193237
2826,14.349282296650717
2827,15.030470914127424
2828,13.689655172413794
2829,13.75632183908046
2830,14.602941176470589
2831,13.637813211845103
2832,13.117224880382775
2833,14.884910485933505
2834,12.919540229885058
2835,13.913439635535308
2836,16.03301886792453
2837,15.234883720930233
2838,16.688836104513065
2839,15.697841726618705
2840,15.567961165048544
2841,17.93621867881549
2842,16.615384615384617
2843,17.253731343283583
2844,15.248175182481752
2845,14.560090702947846
2846,13.856132075471699
2847,14.192488262910798
2848,16.61111111111111
2849,14.246411483253588
2850,15.749360613810742
2851,13.703614457831325
2852,12.272093023255813
2853,14.07728337236534
2854,17.490825688073393
2855,15.690697674418605
2856,16.810344827586206
2857,16.844124700239806
2858,16.61152882205514
2859,15.297674418604652
2860,17.512626262626263
2861,15.21025641025641
2862,14.899297423887587
2863,14.257142857142858
2864,15.720930232558139
2865,14.103286384976526
2866,14.21860465116279
2867,15.335632183908046
2868,14.405759162303665
2869,13.036175710594316
2870,12.81712962962963
2871,14.38139534883721
2872,15.126984126984127
2873,15.296803652968036
2874,14.741092636579573
2875,14.166270783847981
2876,14.768115942028986
2877,14.710526315789474
2878,15.533799533799534
2879,15.158924205378973
2880,15.098591549295774
2881,16.57043879907621
2882,17.62565445026178
2883,14.973809523809523
2884,16.425178147268408
2885,15.509803921568627
2886,14.328703703703704
2887,13.760765550239235
2888,13.535632183908046
2889,15.39440203562341
2890,14.264775413711584
2891,14.285359801488834
2892,12.724537037037036
2893,13.80050505050505
2894,13.326291079812206
2895,12.424942263279446
2896,13.373134328358208
2897,13.052757793764988
2898,15.0703125
2899,15.378132118451026
2900,14.69718309859155
2901,15.041570438799075
2902,15.381773399014778
2903,14.736842105263158
2904,13.4075
2905,13.928735632183908
2906,15.8
2907,15.21788990825688
2908,16.544757033248082
2909,14.184149184149184
2910,14.337264150943396
2911,15.327906976744186
2912,14.104218362282879
2913,11.900226757369614
2914,15.098984771573605
2915,14.05080831408776
2916,14.513253012048192
2917,14.204433497536947
2918,14.8248730964467
2919,13.840749414519907
2920,13.080760095011877
2921,12.62004662004662
2922,13.48356807511737
2923,15.00761421319797
2924,12.682983682983682
2925,13.865196078431373
2926,13.342995169082126
2927,14.285318559556787
2928,12.09111617312073
2929,12.504761904761905
2930,13.621867881548974
2931,12.714285714285714
2932,13.844660194174757
2933,14.282973621103118
2934,12.992592592592592
2935,13.750636132315522
2936,13.644646924829157
2937,14.975308641975309
2938,16.306024096385542
2939,16.945330296127562
2940,15.146095717884132
2941,13.4066985645933
2942,14.312206572769954
2943,14.60049019607843
2944,11.753424657534246
2945,13.82394366197183
2946,12.940774487471526
2947,13.94186046511628
2948,15.900966183574878
2949,15.4296875
2950,12.787878787878787
2951,12.833712984054669
2952,16.643410852713178
2953,14.421686746987952
2954,14.842239185750635
2955,14.182232346241458
2956,15.65648854961832
2957,14.549295774647888
2958,15.23076923076923
2959,14.957446808510639
2960,13.619047619047619
2961,14.606132075471699
2962,14.296296296296296
2963,14.643835616438356
2964,14.17283950617284
2965,12.753588516746412
2966,13.453514739229025
2967,15.219806763285025
2968,14.402777777777779
2969,15.751243781094526
2970,13.534403669724771
2971,13.294252873563218
2972,14.42361111111111
2973,14.433014354066986
2974,13.128205128205128
2975,14.122448979591837
2976,13.931924882629108
2977,15.039408866995075
2978,13.893867924528301
2979,12.790754257907542
2980,12.655092592592593
2981,15.0183908045977
2982,14.607407407407408
2983,14.879432624113475
2984,13.775119617224881
2985,16.073047858942065
2986,14.057071960297767
2987,13.395238095238096
2988,14.219954648526077
2989,13.511002444987776
2990,14.900709219858156
2991,16.936675461741427
2992,14.372093023255815
2993,16.045454545454547
2994,14.755050505050505
2995,13.816867469879519
2996,12.144927536231885
2997,12.285714285714286
2998,12.667532467532467
2999,11.071593533487299
3000,11.014705882352942
3001,9.323325635103926
3002,8.939320388349515
3003,10.26179245283019
3004,10.232558139534884
3005,12.004694835680752
3006,11.203910614525139
3007,9.381733021077283
3008,10.100456621004566
3009,11.171355498721228
3010,10.314666666666668
3011,9.118451025056947
3012,9.639175257731958
3013,9.65525672371638
3014,8.948717948717949
3015,8.159453302961275
3016,8.573696145124716
3017,9.412234042553191
3018,9.048192771084338
3019,10.293827160493827
3020,9.264150943396226
3021,9.67258883248731
3022,9.738786279683378
3023,8.640419947506562
3024,8.213197969543147
3025,7.997566909975669
3026,8.492027334851937
3027,10.307328605200945
3028,11.366197183098592
3029,11.685314685314685
3030,12.272093023255813
3031,14.090024330900244
3032,12.275229357798166
3033,12.712820512820512
3034,11.600907029478458
3035,12.471177944862156
3036,11.654676258992806
3037,13.15473441108545
3038,14.489655172413793
3039,13.06987951807229
3040,12.586206896551724
3041,12.66270783847981
3042,13.315533980582524
3043,14.476082004555808
3044,13.636144578313253
3045,13.88425925925926
3046,15.421717171717171
3047,14.016279069767442
3048,15.29245283018868
3049,14.685185185185185
3050,13.53211009174312
3051,12.174418604651162
3052,13.980952380952381
3053,13.750593824228028
3054,13.817518248175183
3055,13.165
3056,13.8628841607565
3057,14.66906474820144
3058,13.763466042154567
3059,15.146118721461187
3060,14.327790973871734
3061,14.344748858447488
3062,14.841726618705035
3063,15.108045977011495
3064,14.03896103896104
3065,13.674528301886792
3066,14.735849056603774
3067,13.73611111111111
3068,15.983213429256594
3069,15.729665071770334
3070,14.669135802469135
3071,14.025056947608201
3072,15.026190476190477
3073,15.679900744416873
3074,16.193473193473192
3075,14.291284403669724
3076,15.006849315068493
3077,14.358669833729216
3078,15.337962962962964
3079,14.412935323383085
3080,13.719211822660098
3081,13.909738717339668
3082,14.012165450121655
3083,12.96046511627907
3084,14.612090680100756
3085,14.189066059225512
3086,14.95138888888889
3087,15.759803921568627
3088,14.515151515151516
3089,15.312342569269521
3090,13.11566265060241
3091,12.041666666666666
3092,13.206018518518519
3093,13.800925925925926
3094,14.251162790697675
3095,14.043478260869565
3096,15.33
3097,14.825581395348838
3098,16.300236406619387
3099,15.383720930232558
3100,16.211401425178146
3101,16.404109589041095
3102,15.621749408983451
3103,15.740196078431373
3104,15.650485436893204
3105,14.24113475177305
3106,13.965831435079727
3107,13.818840579710145
3108,12.894366197183098
3109,14.53755868544601
3110,13.7825
3111,13.56279069767442
3112,14.08029197080292
3113,14.45662100456621
3114,14.476190476190476
3115,15.381062355658198
3116,15.54861111111111
3117,13.86182669789227
3118,13.582159624413146
3119,14.91745283018868
3120,15.191387559808613
3121,14.236009732360097
3122,13.251231527093596
3123,14.0
3124,12.312958435207824
3125,13.198177676537586
3126,12.881278538812785
3127,12.293144208037825
3128,14.267898383371824
3129,14.711627906976744
3130,14.002463054187192
3131,14.947242206235012
3132,13.684478371501273
3133,13.243373493975904
3134,13.514354066985646
3135,14.78139534883721
3136,16.0250569476082
3137,17.24538258575198
3138,15.895140664961637
3139,14.398584905660377
3140,14.441975308641975
3141,12.841743119266056
3142,13.173913043478262
3143,13.536130536130536
3144,15.502358490566039
3145,13.59452736318408
3146,14.666666666666666
3147,16.13947990543735
3148,15.065759637188208
3149,15.720588235294118
3150,15.769417475728156
3151,13.787081339712918
3152,12.706601466992666
3153,13.147268408551069
3154,12.205741626794259
3155,13.394299287410927
3156,13.111959287531807
3157,12.428899082568808
3158,13.123188405797102
3159,13.711316397228638
3160,14.428899082568808
3161,14.714646464646465
3162,13.614155251141552
3163,14.041666666666666
3164,14.307511737089202
3165,14.647642679900745
3166,12.631828978622329
3167,13.207161125319693
3168,13.163218390804598
3169,12.78743961352657
3170,13.152709359605911
3171,14.94675925925926
3172,13.947608200455582
3173,13.864583333333334
3174,14.05626598465473
3175,14.002487562189055
3176,14.967667436489608
3177,13.806763285024154
3178,15.188481675392671
3179,15.833729216152019
3180,14.804651162790698
3181,14.765
3182,15.06046511627907
3183,14.686602870813397
3184,14.542199488491049
3185,14.477855477855478
3186,14.494305239179955
3187,14.071604938271605
3188,13.401459854014599
3189,14.503562945368172
3190,15.220588235294118
3191,14.109263657957245
3192,13.63302752293578
3193,16.160997732426303
3194,16.793650793650794
3195,14.859078590785908
3196,14.926767676767676
3197,13.522781774580336
3198,13.32876712328767
3199,14.310657596371883
3200,14.029612756264237
3201,14.391799544419134
3202,13.69406392694064
3203,13.897435897435898
3204,14.22695035460993
3205,14.641975308641975
3206,13.674528301886792
3207,14.6270783847981
3208,13.76027397260274
3209,15.555858310626704
3210,12.79809976247031
3211,12.833333333333334
3212,13.277372262773723
3213,13.918367346938776
3214,13.864608076009501
3215,14.897310513447433
3216,14.995110024449877
3217,14.175519630484988
3218,14.264563106796116
3219,14.536529680365296
3220,15.042154566744731
3221,14.677835051546392
3222,15.08133971291866
3223,15.095238095238095
3224,16.374695863746958
3225,14.727272727272727
3226,14.841823056300267
3227,14.285714285714286
3228,14.039506172839506
3229,12.275462962962964
3230,11.847619047619048
3231,13.418439716312056
3232,12.950354609929079
3233,12.973995271867611
3234,12.950118764845605
3235,13.535885167464114
3236,12.757369614512472
3237,13.34025974025974
3238,13.238095238095237
3239,12.545454545454545
3240,13.65036674816626
3241,12.586046511627908
3242,14.56479217603912
3243,14.215596330275229
3244,13.441247002398082
3245,14.375291375291376
3246,13.801385681293302
3247,15.06474820143885
3248,14.776978417266188
3249,16.657068062827225
3250,16.146853146853147
3251,13.362530413625304
3252,13.482993197278912
3253,14.462962962962964
3254,15.368055555555555
3255,16.446866485013626
3256,15.239506172839507
3257,16.26618705035971
3258,14.172413793103448
3259,12.909930715935335
3260,14.232779097387173
3261,14.566233766233767
3262,13.147540983606557
3263,12.143518518518519
3264,12.503722084367245
3265,12.992822966507177
3266,13.029816513761467
3267,12.95813953488372
3268,13.833723653395785
3269,15.461971830985915
3270,13.736979166666666
3271,12.859857482185273
3272,13.483091787439614
3273,12.816037735849056
3274,14.967171717171718
3275,14.155251141552512
3276,15.013986013986013
3277,15.0
3278,15.9066985645933
3279,17.324808184143222
3280,14.974424552429667
3281,13.554022988505746
3282,15.053864168618267
3283,15.580865603644646
3284,14.486910994764397
3285,12.28066037735849
3286,13.266990291262136
3287,13.681192660550458
3288,15.149082568807339
3289,15.08695652173913
3290,16.04009433962264
3291,16.54679802955665
3292,15.496535796766743
3293,14.325526932084308
3294,13.788154897494305
3295,15.082125603864734
3296,15.492924528301886
3297,16.445402298850574
3298,13.509950248756219
3299,13.721763085399449
3300,13.094890510948906
3301,15.308707124010555
3302,12.981395348837209
3303,13.508433734939759
3304,15.883783783783784
3305,15.214123006833713
3306,15.763959390862944
3307,13.47921760391198
3308,14.160671462829736
3309,12.057736720554272
3310,14.059633027522937
3311,14.068807339449542
3312,12.467136150234742
3313,12.627586206896552
3314,15.036764705882353
3315,13.727053140096618
3316,13.992874109263658
3317,12.841269841269842
3318,13.764434180138569
3319,14.263157894736842
3320,13.690697674418605
3321,13.464285714285714
3322,14.133786848072562
3323,13.015584415584415
3324,14.62295081967213
3325,14.931603773584905
3326,13.418013856812934
3327,12.045871559633028
3328,12.257142857142858
3329,12.97278911564626
3330,14.368055555555555
3331,14.318944844124701
3332,14.81653746770026
3333,14.031746031746032
3334,17.303896103896104
3335,15.221445221445222
3336,13.706976744186047
3337,14.290476190476191
3338,15.25679012345679
3339,14.297101449275363
3340,13.002314814814815
3341,13.020785219399539
3342,13.554744525547445
3343,12.695550351288055
3344,12.840963855421688
3345,11.885714285714286
3346,13.310843373493976
3347,13.027522935779816
3348,14.50925925925926
3349,14.916267942583731
3350,13.424083769633508
3351,12.678657074340528
3352,14.96124031007752
3353,13.961187214611872
3354,14.908256880733944
3355,13.985401459854014
3356,12.695348837209302
3357,13.447306791569087
3358,14.088669950738916
3359,14.263279445727482
3360,15.409302325581395
3361,14.114914425427873
3362,13.78139534883721
3363,13.579075425790755
3364,13.251141552511415
3365,15.253521126760564
3366,15.068337129840547
3367,14.95632183908046
3368,14.03076923076923
3369,13.712846347607053
3370,13.617577197149643
3371,12.795238095238096
3372,12.655328798185941
3373,13.838337182448036
3374,13.247685185185185
3375,13.747685185185185
3376,14.103926096997691
3377,15.360696517412935
3378,15.081632653061224
3379,15.895348837209303
3380,17.27455919395466
3381,15.334851936218678
3382,14.707070707070708
3383,13.083129584352077
3384,15.0975
3385,13.340229885057472
3386,14.481927710843374
3387,15.097222222222221
3388,14.73394495412844
3389,14.246376811594203
3390,13.626506024096386
3391,14.501170960187354
3392,15.98581560283688
3393,17.009070294784582
3394,15.338199513381996
3395,16.28935185185185
3396,15.858796296296296
3397,16.879518072289155
3398,15.452830188679245
3399,15.769423558897243
3400,15.781818181818181
3401,13.722627737226277
3402,15.466019417475728
3403,14.616780045351474
3404,12.735632183908047
3405,15.356481481481481
3406,14.161731207289295
3407,13.029478458049887
3408,13.266509433962264
3409,15.185011709601874
3410,14.043373493975903
3411,13.921319796954315
3412,14.057077625570777
3413,13.152019002375297
3414,13.518518518518519
3415,13.910377358490566
3416,13.184510250569476
3417,15.430523917995444
3418,14.119266055045872
3419,12.964646464646465
3420,13.102564102564102
3421,14.321917808219178
3422,14.134883720930233
3423,15.494252873563218
3424,14.317380352644836
3425,14.428571428571429
3426,13.865482233502538
3427,13.108796296296296
3428,13.341145833333334
3429,12.341860465116278
3430,12.583138173302109
3431,11.96788990825688
3432,14.399026763990268
3433,14.946511627906977
3434,15.541554959785524
3435,16.54245283018868
3436,16.46013667425968
3437,17.194647201946474
3438,15.618556701030927
3439,15.461904761904762
3440,14.49074074074074
3441,14.279411764705882
3442,14.309633027522937
3443,14.668949771689498
3444,13.741545893719806
3445,14.123543123543124
3446,15.923809523809524
3447,17.072562358276645
3448,17.391625615763548
3449,16.87037037037037
3450,15.398584905660377
3451,14.676190476190476
3452,16.381642512077295
3453,16.718309859154928
3454,15.114427860696518
3455,16.14320987654321
3456,15.872641509433961
3457,13.852601156069364
3458,12.341981132075471
3459,12.185779816513762
3460,12.716627634660421
3461,13.503597122302159
3462,13.004597701149425
3463,14.758186397984886
3464,13.43348623853211
3465,13.534722222222221
3466,14.463054187192117
3467,14.33245382585752
3468,12.849056603773585
3469,14.217494089834515
3470,14.58675799086758
3471,13.888349514563107
3472,14.6010101010101
3473,14.576744186046511
3474,15.132387706855791
3475,15.81710213776722
3476,14.5225
3477,13.41904761904762
3478,14.576190476190476
3479,14.62004662004662
3480,14.925558312655086
3481,14.275862068965518
3482,13.140515222482435
3483,14.946153846153846
3484,13.657957244655583
3485,13.681927710843373
3486,15.017156862745098
3487,14.320574162679426
3488,14.79809976247031
3489,14.822843822843822
3490,15.05497382198953
3491,12.530751708428246
3492,12.801864801864802
3493,12.671679197994987
3494,11.674418604651162
3495,10.362186788154897
3496,10.871264367816092
3497,12.520681265206813
3498,14.01207729468599
3499,14.640287769784173
3500,13.428899082568808
3501,11.69406392694064
3502,14.21377672209026
3503,14.94044665012407
3504,14.800475059382423
3505,14.350877192982455
3506,13.486046511627906
3507,14.422632794457275
3508,14.36046511627907
3509,13.84841075794621
3510,12.673469387755102
3511,13.135831381733022
3512,14.339667458432304
3513,15.282758620689656
3514,16.38888888888889
3515,15.189695550351288
3516,15.966745843230404
3517,13.847417840375586
3518,13.441913439635535
3519,13.62530413625304
3520,14.695863746958638
3521,14.45974025974026
3522,13.439080459770114
3523,14.988452655889146
3524,14.273563218390805
3525,14.039408866995075
3526,13.092378752886836
3527,14.748837209302325
3528,16.220140515222482
3529,15.875
3530,14.914285714285715
3531,13.988532110091743
3532,13.718969555035128
3533,14.19221411192214
3534,13.465425531914894
3535,12.728155339805825
3536,14.293814432989691
3537,13.736842105263158
3538,16.074941451990632
3539,15.753424657534246
3540,15.038363171355499
3541,13.453237410071942
3542,13.205741626794259
3543,12.296551724137931
3544,13.015945330296127
3545,13.888095238095238
3546,13.467171717171718
3547,12.612090680100756
3548,12.04109589041096
3549,12.451990632318502
3550,13.608695652173912
3551,13.74698795180723
3552,13.296296296296296
3553,13.699763593380615
3554,15.00709219858156
3555,15.0
3556,13.464379947229551
3557,12.606132075471699
3558,13.939953810623557
3559,12.933002481389579
3560,12.605922551252847
3561,12.770685579196217
3562,13.204761904761904
3563,13.993055555555555
3564,13.625292740046838
3565,13.213032581453634
3566,13.561274509803921
3567,14.037296037296038
3568,14.041002277904328
3569,15.291566265060242
3570,14.043062200956937
3571,15.573200992555831
3572,14.033018867924529
3573,13.4
3574,14.258373205741627
3575,13.117647058823529
3576,12.074074074074074
3577,12.84738041002278
3578,14.880208333333334
3579,14.958333333333334
3580,14.308962264150944
3581,15.48641975308642
3582,14.73611111111111
3583,13.445727482678985
3584,15.983490566037736
3585,14.802380952380952
3586,13.679069767441861
3587,14.455399061032864
3588,12.379716981132075
3589,15.519704433497537
3590,14.831050228310502
3591,15.067441860465117
3592,13.925837320574162
3593,13.615
3594,13.800453514739228
3595,15.320665083135392
3596,14.050228310502282
3597,14.682539682539682
3598,15.01207729468599
3599,13.785542168674699
3600,12.62358276643991
3601,15.389294403892944
3602,14.171497584541063
3603,14.545454545454545
3604,13.310502283105023
3605,13.316666666666666
3606,14.008064516129032
3607,13.569651741293532
3608,13.169191919191919
3609,13.177156177156178
3610,14.791383219954648
3611,15.93348623853211
3612,14.180722891566266
3613,12.76010101010101
3614,13.099773242630386
3615,14.058275058275058
3616,15.030023094688222
3617,14.608796296296296
3618,15.298795180722891
3619,15.505827505827506
3620,16.191685912240185
3621,15.740318906605923
3622,15.304556354916068
3623,14.408018867924529
3624,14.267469879518073
3625,13.580335731414868
3626,13.777522935779816
3627,13.10077519379845
3628,13.085450346420323
3629,13.1875
3630,13.346987951807229
3631,14.838630806845966
3632,16.064814814814813
3633,17.612745098039216
3634,15.788968824940047
3635,15.02093023255814
3636,15.739348370927319
3637,14.881796690307329
3638,13.734883720930233
3639,14.124401913875598
3640,14.364764267990074
3641,13.29245283018868
3642,13.691954022988506
3643,14.759305210918114
3644,15.114155251141552
3645,13.877314814814815
3646,13.798507462686567
3647,12.370114942528735
3648,12.44186046511628
3649,13.041002277904328
3650,12.877358490566039
3651,11.394977168949772
3652,14.577114427860696
3653,16.62992125984252
3654,15.183098591549296
3655,15.304761904761905
3656,15.142857142857142
3657,14.22528735632184
3658,12.995180722891567
3659,13.509708737864077
3660,13.405594405594405
3661,15.047169811320755
3662,15.15403422982885
3663,14.071065989847716
3664,13.165432098765432
3665,14.226277372262773
3666,13.408256880733944
3667,12.311778290993072
3668,14.349397590361447
3669,14.30188679245283
3670,14.083732057416269
3671,13.863741339491916
3672,15.98404255319149
3673,15.54066985645933
3674,16.564231738035264
3675,16.288834951456312
3676,15.002358490566039
3677,13.097902097902098
3678,13.874074074074073
3679,14.432801822323462
3680,13.849658314350798
3681,15.546318289786223
3682,14.295508274231679
3683,13.711943793911008
3684,13.71021377672209
3685,13.06806282722513
3686,11.356294536817103
3687,12.215686274509803
3688,13.02122641509434
3689,15.38875305623472
3690,13.902050113895216
3691,13.687214611872147
3692,14.983796296296296
3693,16.385487528344672
3694,15.811904761904762
3695,15.167832167832168
3696,15.326340326340326
3697,16.24373576309795
3698,15.831435079726651
3699,15.392201834862385
3700,13.879818594104309
3701,14.136253041362531
3702,15.268867924528301
3703,15.355889724310776
3704,12.812785388127853
3705,14.06993006993007
3706,13.74129353233831
3707,12.352380952380953
3708,13.673659673659674
3709,15.900709219858156
3710,15.405895691609977
3711,15.3451536643026
3712,14.733490566037736
3713,13.29384965831435
3714,14.092071611253196
3715,14.120728929384965
3716,13.76674364896074
3717,14.180555555555555
3718,14.634660421545668
3719,14.212048192771084
3720,14.092378752886836
3721,14.004962779156328
3722,14.815085158150852
3723,13.95138888888889
3724,13.704651162790698
3725,14.159353348729793
3726,14.609638554216868
3727,14.893203883495145
3728,16.652482269503547
3729,15.81860465116279
3730,16.212987012987014
3731,12.825581395348838
3732,13.27007299270073
3733,14.031890660592255
3734,13.80095923261391
3735,14.116666666666667
3736,13.571428571428571
3737,13.76867469879518
3738,16.144893111638954
3739,14.369614512471655
3740,15.152424942263279
3741,14.732426303854876
3742,16.704545454545453
3743,16.182038834951456
3744,16.443589743589744
3745,14.933806146572104
3746,15.306233062330623
3747,13.110070257611241
3748,14.930715935334874
3749,14.486146095717885
3750,14.061728395061728
3751,14.561643835616438
3752,16.078703703703702
3753,15.220930232558139
3754,17.08252427184466
3755,15.934036939313984
3756,13.954128440366972
3757,15.311111111111112
3758,13.293427230046948
3759,15.541062801932368
3760,15.598173515981735
3761,15.551162790697674
3762,15.289954337899543
3763,17.41439205955335
3764,14.357923497267759
3765,12.015945330296127
3766,13.802919708029197
3767,14.776881720430108
3768,13.965770171149144
3769,14.45662100456621
3770,15.065445026178011
3771,13.628117913832199
3772,14.228310502283104
3773,13.051162790697674
3774,13.031890660592255
3775,12.86935866983373
3776,12.995348837209303
3777,12.511574074074074
3778,14.203980099502488
3779,14.97783251231527
3780,13.15952380952381
3781,12.551020408163266
3782,13.32360097323601
3783,13.471655328798185
3784,15.231132075471699
3785,14.219047619047618
3786,14.439909297052154
3787,13.647619047619047
3788,14.101781170483461
3789,11.870283018867925
3790,13.256944444444445
3791,15.385321100917432
3792,15.472289156626506
3793,14.480637813211844
3794,15.241457858769932
3795,13.433106575963718
3796,14.465721040189125
3797,15.11320754716981
3798,14.559139784946236
3799,13.618937644341802
3800,13.76959619952494
3801,13.226757369614512
3802,12.879432624113475
3803,13.683602771362587
3804,13.84047619047619
3805,13.762148337595908
3806,14.131944444444445
3807,13.810502283105023
3808,14.035971223021583
3809,12.530952380952382
3810,12.898550724637682
3811,15.153669724770642
3812,14.39243498817967
3813,13.47715736040609
3814,13.590697674418605
